test_id,PM2.5,PM10,O3
dongsi_aq#0,24.33270264,42.8990097,33
dongsi_aq#1,22.73851776,50.35999298,48
dongsi_aq#2,21.21445847,51.33769226,66
dongsi_aq#3,18.70888519,48.74533844,83
dongsi_aq#4,15.66730881,45.80817032,100
dongsi_aq#5,12.94589233,44.67541122,113
dongsi_aq#6,11.21744537,46.10004425,122
dongsi_aq#7,10.75658035,49.77254486,126
dongsi_aq#8,11.4848175,54.87892532,126
dongsi_aq#9,13.11907196,60.53544998,122
dongsi_aq#10,15.31000137,66.0045929,115
dongsi_aq#11,17.72924805,70.75543976,106
dongsi_aq#12,20.10908127,74.44992065,97
dongsi_aq#13,22.25204849,76.90674591,86
dongsi_aq#14,24.02563477,78.06694794,75
dongsi_aq#15,25.35225296,77.9682312,64
dongsi_aq#16,26.20015717,76.72548676,54
dongsi_aq#17,26.57860947,74.51299286,45
dongsi_aq#18,26.53531265,71.54582214,37
dongsi_aq#19,26.15059662,68.05853271,31
dongsi_aq#20,25.52519989,64.2802887,27
dongsi_aq#21,24.76351547,60.41043472,25
dongsi_aq#22,23.95760727,56.60259247,26
dongsi_aq#23,23.17737198,52.96509171,29
dongsi_aq#24,22.4689064,49.58101654,34
dongsi_aq#25,21.86022186,46.54470062,42
dongsi_aq#26,21.37036133,44.00409317,51
dongsi_aq#27,21.01831818,42.19032669,63
dongsi_aq#28,20.83036423,41.41065216,75
dongsi_aq#29,20.84639359,41.98896027,87
dongsi_aq#30,21.1231041,44.16188049,98
dongsi_aq#31,21.728405,47.97218323,107
dongsi_aq#32,22.72311401,53.21452332,112
dongsi_aq#33,24.13575363,59.46121979,114
dongsi_aq#34,25.94158554,66.1492157,113
dongsi_aq#35,28.0544014,72.6831131,108
dongsi_aq#36,30.33192444,78.5177002,101
dongsi_aq#37,32.59227753,83.20810699,92
dongsi_aq#38,34.63792419,86.43525696,82
dongsi_aq#39,36.28372955,88.01885986,71
dongsi_aq#40,37.38511658,87.92486572,60
dongsi_aq#41,37.86318207,86.26581573,50
dongsi_aq#42,37.72166443,83.28760529,40
dongsi_aq#43,37.0487442,79.33769989,32
dongsi_aq#44,35.99929428,74.81583405,26
dongsi_aq#45,34.76087189,70.11499023,22
dongsi_aq#46,33.51505661,65.56758118,21
dongsi_aq#47,32.40666962,61.41159058,21
tiantan_aq#0,29.05644226,84.52828979,26
tiantan_aq#1,33.71069717,84.79817963,38
tiantan_aq#2,33.98400497,83.5145874,55
tiantan_aq#3,31.79731178,80.8379364,72
tiantan_aq#4,29.01357841,77.90766907,89
tiantan_aq#5,26.84095764,75.76028442,102
tiantan_aq#6,25.71972275,74.89645386,111
tiantan_aq#7,25.55717468,75.27336121,115
tiantan_aq#8,26.04866409,76.51226807,114
tiantan_aq#9,26.88813019,78.13053894,110
tiantan_aq#10,27.84106445,79.70078278,102
tiantan_aq#11,28.74201775,80.92359161,93
tiantan_aq#12,29.47488594,81.63691711,83
tiantan_aq#13,29.9617672,81.79099274,73
tiantan_aq#14,30.16246033,81.41022491,62
tiantan_aq#15,30.0782032,80.55640411,52
tiantan_aq#16,29.75245285,79.30292511,43
tiantan_aq#17,29.26262093,77.72348022,34
tiantan_aq#18,28.70041847,75.8915863,27
tiantan_aq#19,28.14605713,73.88116455,22
tiantan_aq#20,27.64643478,71.7623291,19
tiantan_aq#21,27.20643044,69.59347534,17
tiantan_aq#22,26.79593658,67.41584015,19
tiantan_aq#23,26.36972046,65.25717163,23
tiantan_aq#24,25.89363098,63.14701462,29
tiantan_aq#25,25.37035751,61.14289856,37
tiantan_aq#26,24.85753632,59.35958481,48
tiantan_aq#27,24.47035217,57.98788452,60
tiantan_aq#28,24.36175919,57.28169632,73
tiantan_aq#29,24.68104172,57.49891663,85
tiantan_aq#30,25.52345276,58.80780029,95
tiantan_aq#31,26.89516449,61.20437241,103
tiantan_aq#32,28.71095657,64.48944855,107
tiantan_aq#33,30.82177162,68.31578827,107
tiantan_aq#34,33.05118561,72.27307129,104
tiantan_aq#35,35.22206116,75.96894073,97
tiantan_aq#36,37.16936493,79.08360291,89
tiantan_aq#37,38.74820709,81.39532471,79
tiantan_aq#38,39.84602356,82.78359985,68
tiantan_aq#39,40.40025711,83.21871948,57
tiantan_aq#40,40.41500473,82.74665833,46
tiantan_aq#41,39.96656799,81.47599792,36
tiantan_aq#42,39.18937302,79.56719208,27
tiantan_aq#43,38.24267578,77.21901703,19
tiantan_aq#44,37.270298,74.64665222,14
tiantan_aq#45,36.36954498,72.0531311,11
tiantan_aq#46,35.58030701,69.60206604,10
tiantan_aq#47,34.89452362,67.40127563,11
guanyuan_aq#0,32.41962433,80.36133575,30
guanyuan_aq#1,35.80982208,80.39985657,46
guanyuan_aq#2,36.04249954,76.99794769,65
guanyuan_aq#3,34.03391266,71.21512604,83
guanyuan_aq#4,31.04360008,64.85664368,99
guanyuan_aq#5,28.21301842,59.71606445,112
guanyuan_aq#6,26.19781113,56.88755798,120
guanyuan_aq#7,25.14549255,56.54571533,123
guanyuan_aq#8,24.89841843,58.17832947,122
guanyuan_aq#9,25.20342636,60.98399353,117
guanyuan_aq#10,25.82801056,64.18998718,110
guanyuan_aq#11,26.59458923,67.21175385,101
guanyuan_aq#12,27.37644196,69.68710327,91
guanyuan_aq#13,28.08448219,71.44110107,81
guanyuan_aq#14,28.65494919,72.42485809,71
guanyuan_aq#15,29.04193306,72.65470123,61
guanyuan_aq#16,29.21678734,72.16925812,51
guanyuan_aq#17,29.17278481,71.01248169,43
guanyuan_aq#18,28.92824554,69.23731232,36
guanyuan_aq#19,28.52141762,66.91588593,31
guanyuan_aq#20,27.99682236,64.14308167,27
guanyuan_aq#21,27.38866806,61.02817154,26
guanyuan_aq#22,26.70870209,57.67891693,27
guanyuan_aq#23,25.94464493,54.18872452,31
guanyuan_aq#24,25.07209015,50.63684082,37
guanyuan_aq#25,24.07966232,47.10952377,45
guanyuan_aq#26,23.00161743,43.74052429,55
guanyuan_aq#27,21.94510651,40.75771332,66
guanyuan_aq#28,21.09329224,38.50574493,77
guanyuan_aq#29,20.66957474,37.40940475,88
guanyuan_aq#30,20.86871338,37.86393356,98
guanyuan_aq#31,21.78613281,40.0876236,105
guanyuan_aq#32,23.38455582,44.01090622,108
guanyuan_aq#33,25.51258469,49.26512909,108
guanyuan_aq#34,27.95618057,55.2738266,105
guanyuan_aq#35,30.49105453,61.39294052,99
guanyuan_aq#36,32.91584015,67.03755951,90
guanyuan_aq#37,35.06632996,71.76161957,81
guanyuan_aq#38,36.81890488,75.28665161,71
guanyuan_aq#39,38.09063721,77.49178314,60
guanyuan_aq#40,38.84091568,78.38170624,50
guanyuan_aq#41,39.07644272,78.05221558,41
guanyuan_aq#42,38.85567474,76.66552734,33
guanyuan_aq#43,38.2840271,74.43489075,26
guanyuan_aq#44,37.49509811,71.60813904,21
guanyuan_aq#45,36.62171936,68.4421463,18
guanyuan_aq#46,35.76659393,65.17018127,17
guanyuan_aq#47,34.9821167,61.97138214,18
wanshouxigong_aq#0,26.45942688,74.51196289,36
wanshouxigong_aq#1,26.36375427,81.15783691,56
wanshouxigong_aq#2,23.69134521,82.44353485,76
wanshouxigong_aq#3,20.14360809,79.69450378,94
wanshouxigong_aq#4,17.07895279,75.15139008,110
wanshouxigong_aq#5,15.2392807,70.72090912,121
wanshouxigong_aq#6,14.75378799,67.56529236,127
wanshouxigong_aq#7,15.3574791,66.08956909,128
wanshouxigong_aq#8,16.65230942,66.1337738,125
wanshouxigong_aq#9,18.27969742,67.22814941,119
wanshouxigong_aq#10,19.98010635,68.81053925,110
wanshouxigong_aq#11,21.58146286,70.36587524,100
wanshouxigong_aq#12,22.96630859,71.49539185,88
wanshouxigong_aq#13,24.0471344,71.94132996,77
wanshouxigong_aq#14,24.75806427,71.58818054,66
wanshouxigong_aq#15,25.06116104,70.44857025,55
wanshouxigong_aq#16,24.96092224,68.63581085,46
wanshouxigong_aq#17,24.51568604,66.324646,38
wanshouxigong_aq#18,23.83315277,63.70744705,31
wanshouxigong_aq#19,23.04626465,60.95586014,27
wanshouxigong_aq#20,22.27787399,58.19583511,25
wanshouxigong_aq#21,21.60862732,55.49821472,25
wanshouxigong_aq#22,21.06006241,52.884758,27
wanshouxigong_aq#23,20.59697723,50.34829712,32
wanshouxigong_aq#24,20.14848328,47.88626862,39
wanshouxigong_aq#25,19.64326477,45.54312897,48
wanshouxigong_aq#26,19.05162048,43.45203018,58
wanshouxigong_aq#27,18.42142868,41.85755539,70
wanshouxigong_aq#28,17.88970566,41.0983429,82
wanshouxigong_aq#29,17.65628433,41.53656006,93
wanshouxigong_aq#30,17.92382813,43.44548035,102
wanshouxigong_aq#31,18.83127594,46.89757919,108
wanshouxigong_aq#32,20.40924835,51.70820618,111
wanshouxigong_aq#33,22.57208633,57.46202469,110
wanshouxigong_aq#34,25.1414032,63.60126495,106
wanshouxigong_aq#35,27.88393402,69.53109741,99
wanshouxigong_aq#36,30.547575,74.70701599,90
wanshouxigong_aq#37,32.88986206,78.69447327,79
wanshouxigong_aq#38,34.70214844,81.20687866,68
wanshouxigong_aq#39,35.83460999,82.12875366,56
wanshouxigong_aq#40,36.22238922,81.5223999,46
wanshouxigong_aq#41,35.90633392,79.60952759,36
wanshouxigong_aq#42,35.03435516,76.72434998,28
wanshouxigong_aq#43,33.83266449,73.24684143,21
wanshouxigong_aq#44,32.55123901,69.53607178,17
wanshouxigong_aq#45,31.40318108,65.88018799,15
wanshouxigong_aq#46,30.51959419,62.47088623,15
wanshouxigong_aq#47,29.93112946,59.40261459,18
aotizhongxin_aq#0,28.82497978,60.25452423,28
aotizhongxin_aq#1,26.85143661,66.51023865,43
aotizhongxin_aq#2,23.99491882,68.00521851,59
aotizhongxin_aq#3,20.67933655,65.98251343,75
aotizhongxin_aq#4,17.78842926,62.48480225,90
aotizhongxin_aq#5,16.0385437,59.20326233,102
aotizhongxin_aq#6,15.67956161,57.16913986,111
aotizhongxin_aq#7,16.53961182,56.75571823,114
aotizhongxin_aq#8,18.23763275,57.83740997,114
aotizhongxin_aq#9,20.37604141,60.00748444,110
aotizhongxin_aq#10,22.63742828,62.77104187,103
aotizhongxin_aq#11,24.80088425,65.66968536,94
aotizhongxin_aq#12,26.72108459,68.33765411,84
aotizhongxin_aq#13,28.30007362,70.51208496,73
aotizhongxin_aq#14,29.46650124,72.02233124,62
aotizhongxin_aq#15,30.16835213,72.77333069,51
aotizhongxin_aq#16,30.37980843,72.728302,41
aotizhongxin_aq#17,30.11533546,71.89147949,33
aotizhongxin_aq#18,29.43896294,70.29399109,26
aotizhongxin_aq#19,28.4592514,67.98587799,21
aotizhongxin_aq#20,27.3088131,65.03458405,18
aotizhongxin_aq#21,26.11577988,61.52722168,17
aotizhongxin_aq#22,24.9781723,57.57411575,19
aotizhongxin_aq#23,23.949646,53.31352997,23
aotizhongxin_aq#24,23.04111862,48.91943359,30
aotizhongxin_aq#25,22.23736572,44.61357498,38
aotizhongxin_aq#26,21.52474594,40.67840576,48
aotizhongxin_aq#27,20.92207718,37.46035767,60
aotizhongxin_aq#28,20.50246048,35.34514618,72
aotizhongxin_aq#29,20.39248276,34.6913681,84
aotizhongxin_aq#30,20.74078369,35.73119736,94
aotizhongxin_aq#31,21.6644516,38.48236847,102
aotizhongxin_aq#32,23.19802094,42.72275543,107
aotizhongxin_aq#33,25.2717514,48.04057312,108
aotizhongxin_aq#34,27.72656441,53.92707062,106
aotizhongxin_aq#35,30.35038185,59.86662292,101
aotizhongxin_aq#36,32.91483688,65.39874268,93
aotizhongxin_aq#37,35.20177078,70.14950562,83
aotizhongxin_aq#38,37.02063751,73.84207153,71
aotizhongxin_aq#39,38.22294617,76.29846954,60
aotizhongxin_aq#40,38.71961212,77.43933105,48
aotizhongxin_aq#41,38.50041962,77.27905273,37
aotizhongxin_aq#42,37.64669037,75.91299438,28
aotizhongxin_aq#43,36.32457733,73.49821472,20
aotizhongxin_aq#44,34.75376892,70.23234558,15
aotizhongxin_aq#45,33.16045761,66.33432007,12
aotizhongxin_aq#46,31.73083305,62.02832794,11
aotizhongxin_aq#47,30.58009338,57.53332138,13
nongzhanguan_aq#0,23.29667664,72.4779129,26
nongzhanguan_aq#1,25.95853043,67.22291565,45
nongzhanguan_aq#2,23.76702499,62.45652771,66
nongzhanguan_aq#3,19.7228241,58.53056717,86
nongzhanguan_aq#4,15.89201355,56.26724625,104
nongzhanguan_aq#5,13.42710495,56.06850433,119
nongzhanguan_aq#6,12.63268661,57.74511337,128
nongzhanguan_aq#7,13.24792862,60.72940445,133
nongzhanguan_aq#8,14.8006134,64.376297,133
nongzhanguan_aq#9,16.85299683,68.15698242,128
nongzhanguan_aq#10,19.09384918,71.71110535,121
nongzhanguan_aq#11,21.32958603,74.81376648,111
nongzhanguan_aq#12,23.43987656,77.32041931,100
nongzhanguan_aq#13,25.33704758,79.12429047,88
nongzhanguan_aq#14,26.94509888,80.13667297,76
nongzhanguan_aq#15,28.19974136,80.28765869,64
nongzhanguan_aq#16,29.06097031,79.54012299,53
nongzhanguan_aq#17,29.52427101,77.90578461,44
nongzhanguan_aq#18,29.62019157,75.45150757,36
nongzhanguan_aq#19,29.40265846,72.29103088,30
nongzhanguan_aq#20,28.93301964,68.56690979,26
nongzhanguan_aq#21,28.26714706,64.43200684,25
nongzhanguan_aq#22,27.44882965,60.03884888,26
nongzhanguan_aq#23,26.50986862,55.54129028,30
nongzhanguan_aq#24,25.47821426,51.11020279,37
nongzhanguan_aq#25,24.39302444,46.9601326,46
nongzhanguan_aq#26,23.32386017,43.37615585,57
nongzhanguan_aq#27,22.38449478,40.71989441,69
nongzhanguan_aq#28,21.72919083,39.38753891,82
nongzhanguan_aq#29,21.52323532,39.70785904,94
nongzhanguan_aq#30,21.89492416,41.81243515,105
nongzhanguan_aq#31,22.89277267,45.55347824,113
nongzhanguan_aq#32,24.47204208,50.52887344,118
nongzhanguan_aq#33,26.51415634,56.20103455,118
nongzhanguan_aq#34,28.86167145,62.03315353,115
nongzhanguan_aq#35,31.3468895,67.57540894,109
nongzhanguan_aq#36,33.80550003,72.4863739,100
nongzhanguan_aq#37,36.08021545,76.51593781,89
nongzhanguan_aq#38,38.02420044,79.48243713,77
nongzhanguan_aq#39,39.51222229,81.26319122,65
nongzhanguan_aq#40,40.45990753,81.80084229,53
nongzhanguan_aq#41,40.84243011,81.11645508,42
nongzhanguan_aq#42,40.69975281,79.31576538,32
nongzhanguan_aq#43,40.1235733,76.57740021,24
nongzhanguan_aq#44,39.23339081,73.12388611,18
nongzhanguan_aq#45,38.1523819,69.18726349,15
nongzhanguan_aq#46,36.98880768,64.98191071,14
nongzhanguan_aq#47,35.82440948,60.69242096,16
wanliu_aq#0,31.75643349,67.21862793,31
wanliu_aq#1,31.05957413,70.10243225,50
wanliu_aq#2,29.18250847,68.34392548,71
wanliu_aq#3,26.04615784,63.91310501,90
wanliu_aq#4,22.36653137,59.04571533,106
wanliu_aq#5,18.9538269,55.34699631,119
wanliu_aq#6,16.3880043,53.51876831,128
wanliu_aq#7,14.91836929,53.53130341,130
wanliu_aq#8,14.50952911,54.96802521,128
wanliu_aq#9,14.96026611,57.3094635,123
wanliu_aq#10,16.01896667,60.08460999,114
wanliu_aq#11,17.45275497,62.92012024,104
wanliu_aq#12,19.07030869,65.53842163,92
wanliu_aq#13,20.71969604,67.73706818,80
wanliu_aq#14,22.27879333,69.36672211,68
wanliu_aq#15,23.64774323,70.31603241,57
wanliu_aq#16,24.74743652,70.50719452,47
wanliu_aq#17,25.52391243,69.89979553,39
wanliu_aq#18,25.95552635,68.49591064,32
wanliu_aq#19,26.057024,66.34094238,27
wanliu_aq#20,25.87712288,63.51899719,25
wanliu_aq#21,25.4889164,60.14531326,24
wanliu_aq#22,24.97593498,56.35904694,26
wanliu_aq#23,24.41714478,52.3201561,30
wanliu_aq#24,23.87407303,48.21417618,36
wanliu_aq#25,23.3826828,44.2650032,45
wanliu_aq#26,22.95150757,40.75041962,55
wanliu_aq#27,22.56724548,38.00513458,66
wanliu_aq#28,22.20841217,36.39146423,78
wanliu_aq#29,21.86669159,36.22914505,89
wanliu_aq#30,21.57113266,37.70143127,99
wanliu_aq#31,21.40074539,40.78409958,106
wanliu_aq#32,21.46767807,45.2386055,109
wanliu_aq#33,21.87401581,50.67149734,109
wanliu_aq#34,22.66823959,56.62251663,105
wanliu_aq#35,23.8271637,62.63886261,98
wanliu_aq#36,25.26505661,68.31855011,89
wanliu_aq#37,26.85598373,73.32772827,78
wanliu_aq#38,28.4573555,77.40315247,67
wanliu_aq#39,29.92929268,80.35022736,55
wanliu_aq#40,31.1502037,82.0442276,44
wanliu_aq#41,32.03042221,82.43733978,35
wanliu_aq#42,32.52390289,81.56610107,27
wanliu_aq#43,32.63454437,79.5506897,20
wanliu_aq#44,32.41438293,76.58166504,16
wanliu_aq#45,31.95343018,72.89658356,14
wanliu_aq#46,31.36384583,68.75237274,14
wanliu_aq#47,30.76126671,64.40015411,16
beibuxinqu_aq#0,48.03420258,85.33183289,35
beibuxinqu_aq#1,44.91433716,79.61466217,51
beibuxinqu_aq#2,41.56619644,76.76301575,68
beibuxinqu_aq#3,38.09160614,75.10145569,84
beibuxinqu_aq#4,34.76948166,74.1803894,100
beibuxinqu_aq#5,31.89544487,74.0681076,112
beibuxinqu_aq#6,29.62928581,74.8138504,119
beibuxinqu_aq#7,28.0019207,76.22859955,122
beibuxinqu_aq#8,26.97393417,77.94078064,119
beibuxinqu_aq#9,26.47002792,79.54751587,112
beibuxinqu_aq#10,26.39020538,80.72077179,102
beibuxinqu_aq#11,26.61543655,81.23628998,91
beibuxinqu_aq#12,27.01454544,80.95771027,78
beibuxinqu_aq#13,27.45336914,79.81608582,65
beibuxinqu_aq#14,27.80574608,77.80397797,53
beibuxinqu_aq#15,27.96613693,74.98512268,41
beibuxinqu_aq#16,27.86248779,71.50550842,32
beibuxinqu_aq#17,27.4662056,67.58798218,24
beibuxinqu_aq#18,26.79504013,63.50220108,19
beibuxinqu_aq#19,25.90623093,59.51693344,16
beibuxinqu_aq#20,24.88141632,55.85263062,15
beibuxinqu_aq#21,23.80913544,52.65021515,17
beibuxinqu_aq#22,22.76967621,49.96292114,20
beibuxinqu_aq#23,21.82561111,47.77059174,26
beibuxinqu_aq#24,21.02008057,46.01093292,34
beibuxinqu_aq#25,20.38253784,44.62236023,43
beibuxinqu_aq#26,19.94029236,43.5933075,54
beibuxinqu_aq#27,19.73157501,43.00708008,65
beibuxinqu_aq#28,19.81267929,43.06145096,77
beibuxinqu_aq#29,20.2522316,44.03601456,89
beibuxinqu_aq#30,21.11047363,46.19778442,99
beibuxinqu_aq#31,22.41241074,49.67711639,106
beibuxinqu_aq#32,24.13100433,54.37609863,109
beibuxinqu_aq#33,26.18923187,59.95695114,109
beibuxinqu_aq#34,28.4739151,65.90939331,105
beibuxinqu_aq#35,30.84960938,71.6548233,97
beibuxinqu_aq#36,33.16723633,76.64241791,86
beibuxinqu_aq#37,35.27043152,80.41592407,74
beibuxinqu_aq#38,37.0046463,82.65472412,62
beibuxinqu_aq#39,38.23235321,83.20172119,49
beibuxinqu_aq#40,38.8543396,82.08297729,37
beibuxinqu_aq#41,38.83270264,79.51016998,27
beibuxinqu_aq#42,38.20639801,75.85191345,19
beibuxinqu_aq#43,37.08961868,71.568573,14
beibuxinqu_aq#44,35.65102386,67.12661743,11
beibuxinqu_aq#45,34.08086777,62.91949844,10
beibuxinqu_aq#46,32.557724,59.21864319,12
beibuxinqu_aq#47,31.223423,56.16111374,16
zhiwuyuan_aq#0,23.70355034,65.31517029,41
zhiwuyuan_aq#1,25.33839417,64.34806824,60
zhiwuyuan_aq#2,26.3873539,62.45649719,79
zhiwuyuan_aq#3,26.20824242,59.77272034,97
zhiwuyuan_aq#4,25.03658104,57.1048584,112
zhiwuyuan_aq#5,23.50187874,55.0710144,123
zhiwuyuan_aq#6,22.1900177,53.89900208,131
zhiwuyuan_aq#7,21.40034866,53.52507019,133
zhiwuyuan_aq#8,21.14529037,53.76173019,132
zhiwuyuan_aq#9,21.27457809,54.41107178,127
zhiwuyuan_aq#10,21.59752655,55.30244446,119
zhiwuyuan_aq#11,21.95206451,56.28736877,110
zhiwuyuan_aq#12,22.22609329,57.22422791,100
zhiwuyuan_aq#13,22.35253906,57.97228241,90
zhiwuyuan_aq#14,22.29690742,58.40052795,80
zhiwuyuan_aq#15,22.05075645,58.41083527,71
zhiwuyuan_aq#16,21.63503647,57.96546173,62
zhiwuyuan_aq#17,21.10690689,57.10322571,55
zhiwuyuan_aq#18,20.55754089,55.93244553,49
zhiwuyuan_aq#19,20.09569168,54.60173035,44
zhiwuyuan_aq#20,19.82129288,53.26010132,41
zhiwuyuan_aq#21,19.7990036,52.02216721,40
zhiwuyuan_aq#22,20.03916931,50.94842911,41
zhiwuyuan_aq#23,20.49108887,50.04408264,44
zhiwuyuan_aq#24,21.04976654,49.2736702,48
zhiwuyuan_aq#25,21.57664871,48.58614349,55
zhiwuyuan_aq#26,21.93281937,47.94351196,63
zhiwuyuan_aq#27,22.02000618,47.34612274,73
zhiwuyuan_aq#28,21.81794357,46.84644699,83
zhiwuyuan_aq#29,21.40201187,46.54544449,93
zhiwuyuan_aq#30,20.9292984,46.56959915,102
zhiwuyuan_aq#31,20.59305573,47.03424454,109
zhiwuyuan_aq#32,20.56065369,48.00563431,112
zhiwuyuan_aq#33,20.91966248,49.47628403,113
zhiwuyuan_aq#34,21.65447998,51.36082458,110
zhiwuyuan_aq#35,22.65934753,53.50817871,105
zhiwuyuan_aq#36,23.77473068,55.72068787,97
zhiwuyuan_aq#37,24.82792854,57.77442169,88
zhiwuyuan_aq#38,25.66572762,59.44191742,79
zhiwuyuan_aq#39,26.17728043,60.52217865,69
zhiwuyuan_aq#40,26.3114872,60.87985611,60
zhiwuyuan_aq#41,26.09157753,60.48386383,51
zhiwuyuan_aq#42,25.61938286,59.42504883,44
zhiwuyuan_aq#43,25.05946922,57.8978653,38
zhiwuyuan_aq#44,24.60261154,56.15026474,33
zhiwuyuan_aq#45,24.42036247,54.42262268,31
zhiwuyuan_aq#46,24.62505913,52.89813995,30
zhiwuyuan_aq#47,25.24514961,51.67828369,31
fengtaihuayuan_aq#0,35.11889267,83.80388641,39
fengtaihuayuan_aq#1,33.9054451,77.52140808,52
fengtaihuayuan_aq#2,28.82365417,64.71405029,68
fengtaihuayuan_aq#3,22.15114212,52.21884537,86
fengtaihuayuan_aq#4,15.61260605,43.41563797,101
fengtaihuayuan_aq#5,10.43246841,39.58590698,113
fengtaihuayuan_aq#6,7.256717682,40.43814087,119
fengtaihuayuan_aq#7,6.170566559,44.66378784,120
fengtaihuayuan_aq#8,6.859100342,50.62977219,116
fengtaihuayuan_aq#9,8.819965363,56.94163132,108
fengtaihuayuan_aq#10,11.53112411,62.69243622,98
fengtaihuayuan_aq#11,14.5416069,67.4407196,86
fengtaihuayuan_aq#12,17.50249863,71.06388855,74
fengtaihuayuan_aq#13,20.16572952,73.60401154,63
fengtaihuayuan_aq#14,22.37146378,75.15763855,52
fengtaihuayuan_aq#15,24.03678131,75.81661987,42
fengtaihuayuan_aq#16,25.15040588,75.64974976,33
fengtaihuayuan_aq#17,25.76856232,74.70968628,26
fengtaihuayuan_aq#18,26.00208664,73.048172,21
fengtaihuayuan_aq#19,25.99066162,70.72473145,18
fengtaihuayuan_aq#20,25.8694191,67.80273438,16
fengtaihuayuan_aq#21,25.73849106,64.33824158,17
fengtaihuayuan_aq#22,25.64485931,60.37388611,20
fengtaihuayuan_aq#23,25.57959366,55.94784164,25
fengtaihuayuan_aq#24,25.49074173,51.12241745,32
fengtaihuayuan_aq#25,25.30816269,46.02956009,41
fengtaihuayuan_aq#26,24.97622681,40.92164612,50
fengtaihuayuan_aq#27,24.489254,36.20726776,61
fengtaihuayuan_aq#28,23.92179108,32.44300079,72
fengtaihuayuan_aq#29,23.44219589,30.25645447,82
fengtaihuayuan_aq#30,23.29393005,30.19786835,90
fengtaihuayuan_aq#31,23.7351265,32.56014252,95
fengtaihuayuan_aq#32,24.95008087,37.24980164,97
fengtaihuayuan_aq#33,26.97394562,43.78492737,96
fengtaihuayuan_aq#34,29.67080688,51.42676163,90
fengtaihuayuan_aq#35,32.7705307,59.37003326,83
fengtaihuayuan_aq#36,35.93670654,66.90023804,73
fengtaihuayuan_aq#37,38.83402252,73.47447968,62
fengtaihuayuan_aq#38,41.17881012,78.73634338,51
fengtaihuayuan_aq#39,42.77212524,82.496315,41
fengtaihuayuan_aq#40,43.52143097,84.70402527,31
fengtaihuayuan_aq#41,43.45257568,85.42523193,23
fengtaihuayuan_aq#42,42.70562744,84.82151031,16
fengtaihuayuan_aq#43,41.50552368,83.12338257,12
fengtaihuayuan_aq#44,40.11090851,80.5897522,9
fengtaihuayuan_aq#45,38.75714111,77.45977783,8
fengtaihuayuan_aq#46,37.61186218,73.91390991,10
fengtaihuayuan_aq#47,36.75346756,70.05867004,13
yungang_aq#0,42.99499893,91.33815002,38
yungang_aq#1,36.44541931,85.68096924,57
yungang_aq#2,30.65769386,78.65171814,78
yungang_aq#3,25.19384766,70.09132385,99
yungang_aq#4,20.38898468,61.55140686,118
yungang_aq#5,16.74740601,54.6644249,132
yungang_aq#6,14.61885834,50.4529953,140
yungang_aq#7,14.08081818,49.16736603,143
yungang_aq#8,14.95493317,50.44454956,141
yungang_aq#9,16.89247894,53.58058929,134
yungang_aq#10,19.47357559,57.76947784,125
yungang_aq#11,22.28651428,62.25762558,114
yungang_aq#12,24.97748947,66.42306519,103
yungang_aq#13,27.27427673,69.80465698,91
yungang_aq#14,28.9922142,72.10516357,80
yungang_aq#15,30.0312767,73.18531799,69
yungang_aq#16,30.37014198,73.05490875,60
yungang_aq#17,30.0585537,71.85544586,51
yungang_aq#18,29.20636749,69.82688141,45
yungang_aq#19,27.96793747,67.25998688,40
yungang_aq#20,26.521595,64.44487762,37
yungang_aq#21,25.04595184,61.62862015,36
yungang_aq#22,23.69679642,58.98955917,38
yungang_aq#23,22.58895493,56.63051605,41
yungang_aq#24,21.78699112,54.59034348,47
yungang_aq#25,21.30623245,52.87220001,55
yungang_aq#26,21.12424469,51.48457718,65
yungang_aq#27,21.20101166,50.48575974,76
yungang_aq#28,21.50476456,50.0150528,88
yungang_aq#29,22.03734589,50.29079819,100
yungang_aq#30,22.84940338,51.56335831,110
yungang_aq#31,24.03295135,54.03238678,117
yungang_aq#32,25.68486023,57.76063538,121
yungang_aq#33,27.85128784,62.61935806,122
yungang_aq#34,30.47948265,68.28471375,119
yungang_aq#35,33.4008255,74.28003693,113
yungang_aq#36,36.35196686,80.046875,104
yungang_aq#37,39.02230072,85.0262146,94
yungang_aq#38,41.11120987,88.73627472,83
yungang_aq#39,42.37994385,90.83815002,72
yungang_aq#40,42.68980408,91.18326569,61
yungang_aq#41,42.0230484,89.83376312,52
yungang_aq#42,40.48487091,87.04480743,43
yungang_aq#43,38.2863121,83.20883179,37
yungang_aq#44,35.70996094,78.77777863,32
yungang_aq#45,33.06441498,74.18717194,29
yungang_aq#46,30.63680649,69.79960632,28
yungang_aq#47,28.65380096,65.87352753,30
gucheng_aq#0,46.07421112,89.07076263,40
gucheng_aq#1,43.4953537,81.63577271,59
gucheng_aq#2,40.05358124,72.21315002,77
gucheng_aq#3,35.0941391,63.15980911,94
gucheng_aq#4,29.47143173,56.65340042,110
gucheng_aq#5,24.37552643,53.99302673,122
gucheng_aq#6,20.72251892,55.34586334,129
gucheng_aq#7,18.91487885,59.94464493,131
gucheng_aq#8,18.86889648,66.55281067,128
gucheng_aq#9,20.18119049,73.90395355,121
gucheng_aq#10,22.31692886,80.96468353,111
gucheng_aq#11,24.7530632,87.02713013,99
gucheng_aq#12,27.05997467,91.69368744,86
gucheng_aq#13,28.93424606,94.81009674,74
gucheng_aq#14,30.2017765,96.38385773,62
gucheng_aq#15,30.80711746,96.51318359,52
gucheng_aq#16,30.79717255,95.34007263,43
gucheng_aq#17,30.30038261,93.02749634,36
gucheng_aq#18,29.49774933,89.74937439,31
gucheng_aq#19,28.58386612,85.68302155,28
gucheng_aq#20,27.72536087,80.99980927,27
gucheng_aq#21,27.02879333,75.85876465,29
gucheng_aq#22,26.52745056,70.40837097,32
gucheng_aq#23,26.18902206,64.80101776,38
gucheng_aq#24,25.94115829,59.22060013,46
gucheng_aq#25,25.70855331,53.920578,55
gucheng_aq#26,25.45301437,49.26245499,66
gucheng_aq#27,25.20546722,45.73259735,78
gucheng_aq#28,25.07621384,43.90681458,90
gucheng_aq#29,25.23414612,44.33976746,101
gucheng_aq#30,25.85987091,47.3950386,110
gucheng_aq#31,27.09060669,53.08449936,116
gucheng_aq#32,28.97671127,61.00460052,119
gucheng_aq#33,31.45944214,70.40948486,117
gucheng_aq#34,34.37306213,80.38021851,111
gucheng_aq#35,37.46868134,90.00627136,102
gucheng_aq#36,40.45292664,98.51882172,91
gucheng_aq#37,43.03129578,105.3584595,79
gucheng_aq#38,44.94900894,110.1903458,66
gucheng_aq#39,46.02733231,112.8863449,54
gucheng_aq#40,46.19487762,113.4920959,43
gucheng_aq#41,45.5076561,112.1905823,33
gucheng_aq#42,44.14578247,109.2639465,26
gucheng_aq#43,42.37771606,105.0512848,21
gucheng_aq#44,40.49881363,99.90379333,18
gucheng_aq#45,38.76599121,94.1457901,17
gucheng_aq#46,37.35100555,88.05166626,19
gucheng_aq#47,36.32289886,81.84339142,23
fangshan_aq#0,31.19981384,94.41575623,30
fangshan_aq#1,29.29214478,97.50749207,51
fangshan_aq#2,26.87485123,95.00052643,75
fangshan_aq#3,23.49329758,88.72542572,98
fangshan_aq#4,19.93798828,81.57614136,117
fangshan_aq#5,17.17238235,75.95187378,132
fangshan_aq#6,15.73825455,73.15029907,141
fangshan_aq#7,15.67865753,73.32026672,144
fangshan_aq#8,16.74842834,75.82725525,141
fangshan_aq#9,18.62218475,79.73815918,134
fangshan_aq#10,20.99094772,84.17115784,124
fangshan_aq#11,23.57995987,88.44394684,112
fangshan_aq#12,26.14474106,92.08358002,100
fangshan_aq#13,28.47360992,94.78462219,87
fangshan_aq#14,30.40042877,96.37091064,75
fangshan_aq#15,31.82037735,96.77900696,63
fangshan_aq#16,32.70011902,96.05197144,52
fangshan_aq#17,33.07637024,94.32365417,43
fangshan_aq#18,33.04044342,91.78257751,36
fangshan_aq#19,32.71203613,88.62389374,31
fangshan_aq#20,32.20935822,85.00631714,28
fangshan_aq#21,31.62356949,81.02948761,28
fangshan_aq#22,31.00347519,76.73591614,30
fangshan_aq#23,30.35388947,72.13575745,34
fangshan_aq#24,29.64789581,67.24850464,41
fangshan_aq#25,28.8506012,62.15763092,50
fangshan_aq#26,27.9490242,57.07297897,62
fangshan_aq#27,26.97868729,52.38475418,74
fangshan_aq#28,26.03694153,48.67418671,87
fangshan_aq#29,25.27639771,46.63439178,100
fangshan_aq#30,24.87835312,46.8873024,111
fangshan_aq#31,25.01403809,49.75895309,118
fangshan_aq#32,25.80558777,55.13223648,122
fangshan_aq#33,27.29838943,62.46204758,122
fangshan_aq#34,29.44859314,70.93151093,117
fangshan_aq#35,32.12249756,79.65163422,110
fangshan_aq#36,35.10581207,87.81595612,99
fangshan_aq#37,38.1258316,94.78290558,87
fangshan_aq#38,40.88879395,100.1062317,75
fangshan_aq#39,43.12902069,103.5434494,62
fangshan_aq#40,44.65916061,105.055809,50
fangshan_aq#41,45.4065094,104.7918854,39
fangshan_aq#42,45.42201996,103.0416031,30
fangshan_aq#43,44.8580246,100.1631546,23
fangshan_aq#44,43.92327881,96.50439453,18
fangshan_aq#45,42.83070374,92.34492493,16
fangshan_aq#46,41.75320435,87.87223053,16
fangshan_aq#47,40.79724884,83.1894989,19
daxing_aq#0,30.86255264,73.01174927,30
daxing_aq#1,29.16055679,76.61685181,51
daxing_aq#2,26.11270142,74.18359375,75
daxing_aq#3,21.62201309,68.17536163,96
daxing_aq#4,17.22122574,61.58152771,114
daxing_aq#5,14.28174973,56.95361328,128
daxing_aq#6,13.35037231,55.58849716,135
daxing_aq#7,14.23390198,57.4146347,137
daxing_aq#8,16.38714981,61.48233795,133
daxing_aq#9,19.23299789,66.59212494,126
daxing_aq#10,22.30490875,71.72445679,115
daxing_aq#11,25.26716614,76.20741272,104
daxing_aq#12,27.888134,79.70858765,92
daxing_aq#13,30.01036835,82.15270996,79
daxing_aq#14,31.53321075,83.62638855,67
daxing_aq#15,32.40814209,84.29612732,55
daxing_aq#16,32.64095306,84.34621429,45
daxing_aq#17,32.29223251,83.93849182,36
daxing_aq#18,31.46844101,83.19128418,28
daxing_aq#19,30.30147552,82.17128754,23
daxing_aq#20,28.92167282,80.89077759,20
daxing_aq#21,27.43328094,79.30787659,19
daxing_aq#22,25.90087891,77.33356476,21
daxing_aq#23,24.35185623,74.8526001,26
daxing_aq#24,22.79652786,71.76454163,33
daxing_aq#25,21.26215744,68.04681396,42
daxing_aq#26,19.83036423,63.83195114,54
daxing_aq#27,18.65909576,59.4757309,66
daxing_aq#28,17.96665573,55.57291412,79
daxing_aq#29,17.97026825,52.87283707,91
daxing_aq#30,18.80356216,52.08270264,102
daxing_aq#31,20.46371078,53.62246704,109
daxing_aq#32,22.8207283,57.45592499,113
daxing_aq#33,25.67338943,63.09385681,112
daxing_aq#34,28.8055687,69.75682068,108
daxing_aq#35,32.01370239,76.59846497,101
daxing_aq#36,35.10760498,82.88841248,92
daxing_aq#37,37.90376282,88.11056519,81
daxing_aq#38,40.22711945,91.98529053,69
daxing_aq#39,41.92760468,94.44358063,58
daxing_aq#40,42.90705109,95.57749939,46
daxing_aq#41,43.14445877,95.58365631,36
daxing_aq#42,42.70605087,94.7098999,27
daxing_aq#43,41.7322464,93.21034241,20
daxing_aq#44,40.40448761,91.307724,14
daxing_aq#45,38.9034729,89.16277313,12
daxing_aq#46,37.37251282,86.85352325,12
daxing_aq#47,35.89635086,84.37115479,14
yizhuang_aq#0,34.8804245,113.155159,35
yizhuang_aq#1,38.17277527,107.4921265,57
yizhuang_aq#2,36.0295105,96.72423553,79
yizhuang_aq#3,30.69636536,83.60809326,99
yizhuang_aq#4,24.57375336,71.03300476,115
yizhuang_aq#5,19.57455063,61.29061508,126
yizhuang_aq#6,16.71220398,55.54013062,133
yizhuang_aq#7,16.10941315,53.75154495,134
yizhuang_aq#8,17.32494354,55.08716202,130
yizhuang_aq#9,19.72455597,58.40662766,124
yizhuang_aq#10,22.72306061,62.64091873,116
yizhuang_aq#11,25.88093567,66.97065735,106
yizhuang_aq#12,28.91008759,70.86109161,95
yizhuang_aq#13,31.64208984,74.02404022,84
yizhuang_aq#14,33.99073792,76.35362244,73
yizhuang_aq#15,35.9229393,77.86148071,62
yizhuang_aq#16,37.43970871,78.62453461,51
yizhuang_aq#17,38.56145477,78.74822998,42
yizhuang_aq#18,39.31046295,78.33972168,34
yizhuang_aq#19,39.6919632,77.4842453,28
yizhuang_aq#20,39.68212891,76.22534943,25
yizhuang_aq#21,39.22975159,74.55466461,24
yizhuang_aq#22,38.27212524,72.41618347,26
yizhuang_aq#23,36.76065826,69.72681427,31
yizhuang_aq#24,34.69165802,66.41286469,39
yizhuang_aq#25,32.1381073,62.46190643,49
yizhuang_aq#26,29.27683258,57.98661041,61
yizhuang_aq#27,26.39888382,53.28574753,75
yizhuang_aq#28,23.88560867,48.87002945,88
yizhuang_aq#29,22.13903427,45.41024399,100
yizhuang_aq#30,21.48038483,43.58875656,110
yizhuang_aq#31,22.05999374,43.8952446,117
yizhuang_aq#32,23.82434082,46.46024323,120
yizhuang_aq#33,26.5512886,51.01033401,119
yizhuang_aq#34,29.92416382,56.95871353,115
yizhuang_aq#35,33.60459137,63.57118988,108
yizhuang_aq#36,37.28183746,70.12892914,99
yizhuang_aq#37,40.69830322,76.04076385,89
yizhuang_aq#38,43.66039658,80.89729309,78
yizhuang_aq#39,46.04369354,84.48051453,66
yizhuang_aq#40,47.79588318,86.7458725,54
yizhuang_aq#41,48.93370438,87.78922272,43
yizhuang_aq#42,49.52614975,87.80355072,33
yizhuang_aq#43,49.66288757,87.02716064,25
yizhuang_aq#44,49.41945648,85.68933105,19
yizhuang_aq#45,48.83462524,83.96585083,16
yizhuang_aq#46,47.90784454,81.95386505,16
yizhuang_aq#47,46.61380005,79.66940308,19
tongzhou_aq#0,47.53662109,89.46252441,32
tongzhou_aq#1,45.03502274,93.95715332,56
tongzhou_aq#2,38.42041779,91.17176819,79
tongzhou_aq#3,29.66096115,84.82562256,99
tongzhou_aq#4,21.0690918,77.94874573,117
tongzhou_aq#5,14.43318558,72.6072998,130
tongzhou_aq#6,10.5542717,69.77902222,137
tongzhou_aq#7,9.343559265,69.49185944,139
tongzhou_aq#8,10.23182297,71.18195343,136
tongzhou_aq#9,12.54417038,74.07322693,129
tongzhou_aq#10,15.69231033,77.43775177,119
tongzhou_aq#11,19.2187233,80.71528625,108
tongzhou_aq#12,22.77606964,83.53516388,95
tongzhou_aq#13,26.0972023,85.68844604,83
tongzhou_aq#14,28.97699356,87.08343506,71
tongzhou_aq#15,31.26852417,87.70162964,59
tongzhou_aq#16,32.88819122,87.56067657,49
tongzhou_aq#17,33.82079315,86.68621826,39
tongzhou_aq#18,34.11510468,85.09364319,32
tongzhou_aq#19,33.86614227,82.78077698,27
tongzhou_aq#20,33.18877411,79.73129272,24
tongzhou_aq#21,32.19099426,75.92710114,23
tongzhou_aq#22,30.95525742,71.36755371,25
tongzhou_aq#23,29.53347397,66.09513855,30
tongzhou_aq#24,27.95785522,60.22899246,37
tongzhou_aq#25,26.26529694,54.00615311,46
tongzhou_aq#26,24.52710724,47.82170105,57
tongzhou_aq#27,22.8715477,42.2455368,69
tongzhou_aq#28,21.48497009,37.98021698,82
tongzhou_aq#29,20.58398819,35.73413086,94
tongzhou_aq#30,20.36478424,36.0293808,104
tongzhou_aq#31,20.94917297,39.0229187,112
tongzhou_aq#32,22.35425186,44.43753052,116
tongzhou_aq#33,24.49757385,51.63880539,116
tongzhou_aq#34,27.22636414,59.80784225,113
tongzhou_aq#35,30.34627151,68.12184143,106
tongzhou_aq#36,33.63709641,75.88148499,97
tongzhou_aq#37,36.86105728,82.57148743,86
tongzhou_aq#38,39.77688599,87.86843872,74
tongzhou_aq#39,42.16604233,91.61865997,62
tongzhou_aq#40,43.86698532,93.80419922,51
tongzhou_aq#41,44.80547333,94.50592804,40
tongzhou_aq#42,45.00759888,93.86551666,31
tongzhou_aq#43,44.58784485,92.04969788,23
tongzhou_aq#44,43.71502686,89.22307587,18
tongzhou_aq#45,42.5677681,85.53379822,16
tongzhou_aq#46,41.29418182,81.11233521,16
tongzhou_aq#47,39.98648834,76.08062744,18
shunyi_aq#0,23.95114517,78.68278503,45
shunyi_aq#1,29.01878929,79.63711548,64
shunyi_aq#2,28.0592804,73.03756714,83
shunyi_aq#3,24.07275391,63.47555542,101
shunyi_aq#4,19.4548378,54.28364563,117
shunyi_aq#5,15.64702225,47.47240067,128
shunyi_aq#6,13.19128418,43.8580246,135
shunyi_aq#7,12.07743454,43.31984329,135
shunyi_aq#8,12.09483337,45.15668869,131
shunyi_aq#9,13.01375961,48.44408798,122
shunyi_aq#10,14.62314987,52.3008194,111
shunyi_aq#11,16.71492767,56.0323143,97
shunyi_aq#12,19.0699501,59.17139435,83
shunyi_aq#13,21.46128464,61.45754242,70
shunyi_aq#14,23.67284393,62.78826904,57
shunyi_aq#15,25.52642822,63.16534042,46
shunyi_aq#16,26.90678787,62.64953613,36
shunyi_aq#17,27.77366447,61.33081818,29
shunyi_aq#18,28.15508461,59.31341934,24
shunyi_aq#19,28.12560463,56.71022034,22
shunyi_aq#20,27.77962112,53.64025116,22
shunyi_aq#21,27.20881844,50.22533417,24
shunyi_aq#22,26.48895645,46.58691025,29
shunyi_aq#23,25.67736816,42.84465027,36
shunyi_aq#24,24.82050323,39.11970901,45
shunyi_aq#25,23.9684906,35.54494476,55
shunyi_aq#26,23.18954468,32.28188324,67
shunyi_aq#27,22.57473755,29.54306793,79
shunyi_aq#28,22.22446823,27.60853195,92
shunyi_aq#29,22.21903229,26.81657028,103
shunyi_aq#30,22.59384537,27.50460434,112
shunyi_aq#31,23.34207916,29.90007019,117
shunyi_aq#32,24.44411087,34.00602341,118
shunyi_aq#33,25.89279556,39.54781723,115
shunyi_aq#34,27.68683243,46.01475143,109
shunyi_aq#35,29.79618645,52.77039719,99
shunyi_aq#36,32.12611008,59.17550278,87
shunyi_aq#37,34.50414276,64.68025208,73
shunyi_aq#38,36.69826126,68.8747406,60
shunyi_aq#39,38.46221924,71.50766754,47
shunyi_aq#40,39.59488678,72.48662567,36
shunyi_aq#41,39.99259567,71.86701202,27
shunyi_aq#42,39.67221832,69.82872009,20
shunyi_aq#43,38.75623703,66.64105225,15
shunyi_aq#44,37.43029022,62.6204834,13
shunyi_aq#45,35.89367676,58.08996582,14
shunyi_aq#46,34.31914139,53.34761429,17
shunyi_aq#47,32.83024597,48.64932632,22
pingchang_aq#0,36.82986832,99.67320251,22
pingchang_aq#1,32.29930878,92.96166992,39
pingchang_aq#2,28.42852402,85.7094574,57
pingchang_aq#3,24.584198,78.07736206,74
pingchang_aq#4,21.04254723,70.8031311,89
pingchang_aq#5,18.27419281,64.60656738,101
pingchang_aq#6,16.56433105,59.87564087,109
pingchang_aq#7,15.9185257,56.61003876,112
pingchang_aq#8,16.13965607,54.53193665,110
pingchang_aq#9,16.94513321,53.24489594,106
pingchang_aq#10,18.05140305,52.35811234,99
pingchang_aq#11,19.21525574,51.55244064,91
pingchang_aq#12,20.24698639,50.60398102,82
pingchang_aq#13,21.01152992,49.38954544,72
pingchang_aq#14,21.42573166,47.88918304,64
pingchang_aq#15,21.45681953,46.1858902,55
pingchang_aq#16,21.12329865,44.45136261,48
pingchang_aq#17,20.4960289,42.91000748,42
pingchang_aq#18,19.69235229,41.78544617,38
pingchang_aq#19,18.8584938,41.24521255,35
pingchang_aq#20,18.14190674,41.35863113,33
pingchang_aq#21,17.66130066,42.07858276,33
pingchang_aq#22,17.48361969,43.25117874,35
pingchang_aq#23,17.61433411,44.65122223,38
pingchang_aq#24,18.0032959,46.03547287,43
pingchang_aq#25,18.56353378,47.2024498,49
pingchang_aq#26,19.19772339,48.04553604,56
pingchang_aq#27,19.82589722,48.58575058,65
pingchang_aq#28,20.40833664,48.97143173,73
pingchang_aq#29,20.95853424,49.43516541,82
pingchang_aq#30,21.54028511,50.21176529,89
pingchang_aq#31,22.24412918,51.44608307,95
pingchang_aq#32,23.14698601,53.1341362,98
pingchang_aq#33,24.27237701,55.12182236,98
pingchang_aq#34,25.57022667,57.14675903,96
pingchang_aq#35,26.92271996,58.89651489,91
pingchang_aq#36,28.16842461,60.06461334,85
pingchang_aq#37,29.13441849,60.40085602,77
pingchang_aq#38,29.6691246,59.75805664,68
pingchang_aq#39,29.67222786,58.13271332,60
pingchang_aq#40,29.11978531,55.68901062,52
pingchang_aq#41,28.08011246,52.74723434,45
pingchang_aq#42,26.71243095,49.72724915,39
pingchang_aq#43,25.241745,47.05869293,35
pingchang_aq#44,23.91278648,45.08665848,32
pingchang_aq#45,22.93731308,44.00175476,31
pingchang_aq#46,22.45175171,43.81287766,31
pingchang_aq#47,22.49652863,44.36619186,32
mentougou_aq#0,33.77497864,84.57930756,50
mentougou_aq#1,33.10380173,84.94429016,74
mentougou_aq#2,31.43070412,81.87130737,97
mentougou_aq#3,28.74295425,77.08951569,117
mentougou_aq#4,25.48101425,72.38321686,133
mentougou_aq#5,22.31899261,68.90518188,144
mentougou_aq#6,19.84536743,67.14886475,150
mentougou_aq#7,18.37169266,67.11695099,151
mentougou_aq#8,17.92222214,68.49329376,146
mentougou_aq#9,18.32810974,70.78760529,138
mentougou_aq#10,19.33212662,73.45182037,127
mentougou_aq#11,20.65924835,75.96442413,115
mentougou_aq#12,22.0523262,77.88484192,102
mentougou_aq#13,23.28705978,78.88731384,89
mentougou_aq#14,24.17988968,78.78018188,77
mentougou_aq#15,24.59798431,77.51212311,66
mentougou_aq#16,24.47418594,75.16374207,58
mentougou_aq#17,23.82165527,71.92560577,51
mentougou_aq#18,22.73872757,68.0674057,47
mentougou_aq#19,21.39597702,63.90370941,45
mentougou_aq#20,20.00574112,59.76115799,45
mentougou_aq#21,18.78222656,55.94896317,47
mentougou_aq#22,17.90320587,52.73365402,51
mentougou_aq#23,17.48203659,50.31842804,57
mentougou_aq#24,17.55405426,48.82937241,64
mentougou_aq#25,18.07795334,48.31159973,72
mentougou_aq#26,18.95140076,48.73881149,81
mentougou_aq#27,20.04024506,50.0378418,92
mentougou_aq#28,21.21895218,52.12524796,102
mentougou_aq#29,22.41345596,54.94358063,111
mentougou_aq#30,23.63071823,58.47460556,120
mentougou_aq#31,24.95612335,62.71024323,125
mentougou_aq#32,26.51053047,67.58776093,127
mentougou_aq#33,28.38459396,72.92666626,126
mentougou_aq#34,30.58449173,78.40670776,121
mentougou_aq#35,33.01182175,83.59683228,113
mentougou_aq#36,35.47660828,88.01701355,102
mentougou_aq#37,37.72938538,91.21147156,90
mentougou_aq#38,39.50118256,92.82069397,78
mentougou_aq#39,40.54701233,92.64211273,67
mentougou_aq#40,40.69248962,90.66783905,57
mentougou_aq#41,39.8783493,87.08872223,48
mentougou_aq#42,38.18935394,82.26347351,42
mentougou_aq#43,35.85230637,76.66313934,38
mentougou_aq#44,33.19836426,70.80634308,37
mentougou_aq#45,30.60017586,65.19934082,37
mentougou_aq#46,28.40385628,60.28792953,40
mentougou_aq#47,26.8745842,56.42297745,44
pinggu_aq#0,27.41487503,63.56157303,50
pinggu_aq#1,30.50169182,64.19090271,67
pinggu_aq#2,29.59431458,64.45903015,85
pinggu_aq#3,26.57714844,62.810112,102
pinggu_aq#4,23.05560684,60.02877045,116
pinggu_aq#5,20.1324501,57.37657928,126
pinggu_aq#6,18.3469162,55.72412872,132
pinggu_aq#7,17.76379013,55.29815674,135
pinggu_aq#8,18.16426468,55.81591034,133
pinggu_aq#9,19.2288475,56.7613678,128
pinggu_aq#10,20.64670944,57.61489868,121
pinggu_aq#11,22.15706635,57.97409058,113
pinggu_aq#12,23.55504227,57.58888245,103
pinggu_aq#13,24.68725204,56.35529709,94
pinggu_aq#14,25.44862747,54.29725266,85
pinggu_aq#15,25.78504181,51.54557419,76
pinggu_aq#16,25.70045853,48.31116867,68
pinggu_aq#17,25.25941086,44.84812546,61
pinggu_aq#18,24.57519531,41.41015625,56
pinggu_aq#19,23.78289032,38.21012497,52
pinggu_aq#20,23.00615311,35.39265823,50
pinggu_aq#21,22.32973862,33.02510452,51
pinggu_aq#22,21.78507614,31.10530472,53
pinggu_aq#23,21.35031509,29.58195496,57
pinggu_aq#24,20.96218491,28.38323212,64
pinggu_aq#25,20.5369873,27.4505806,72
pinggu_aq#26,19.99919128,26.77463531,81
pinggu_aq#27,19.31603622,26.42687607,91
pinggu_aq#28,18.53049469,26.57365036,101
pinggu_aq#29,17.77687073,27.45317841,111
pinggu_aq#30,17.26099396,29.30060577,118
pinggu_aq#31,17.20221329,32.23556137,124
pinggu_aq#32,17.75850296,36.1647644,126
pinggu_aq#33,18.97165298,40.75822067,125
pinggu_aq#34,20.75566483,45.51417923,121
pinggu_aq#35,22.92270279,49.87404251,115
pinggu_aq#36,25.22515488,53.33448029,108
pinggu_aq#37,27.39773178,55.52504349,99
pinggu_aq#38,29.19556427,56.24859238,89
pinggu_aq#39,30.42873001,55.49391937,80
pinggu_aq#40,30.9926815,53.42701721,71
pinggu_aq#41,30.88863945,50.3590889,64
pinggu_aq#42,30.22379303,46.69072723,57
pinggu_aq#43,29.1848793,42.84114838,52
pinggu_aq#44,27.99180603,39.18027115,49
pinggu_aq#45,26.84786224,35.98116302,48
pinggu_aq#46,25.9028244,33.40088272,48
pinggu_aq#47,25.23569489,31.48755264,51
huairou_aq#0,17.07299042,61.45520782,50
huairou_aq#1,16.18948364,51.13659668,67
huairou_aq#2,14.87773514,42.67036819,83
huairou_aq#3,13.23934937,35.61046982,97
huairou_aq#4,11.66623306,30.39304352,109
huairou_aq#5,10.52132416,27.66526794,118
huairou_aq#6,9.991920471,27.64876556,123
huairou_aq#7,10.0915451,29.88935852,124
huairou_aq#8,10.72841644,33.46483231,123
huairou_aq#9,11.76682663,37.38023758,118
huairou_aq#10,13.05844879,40.86142349,111
huairou_aq#11,14.45248032,43.45223236,103
huairou_aq#12,15.79959106,44.9740181,95
huairou_aq#13,16.95904922,45.43653107,86
huairou_aq#14,17.8119812,44.95687485,78
huairou_aq#15,18.27832413,43.7074585,71
huairou_aq#16,18.33206558,41.89089203,65
huairou_aq#17,18.00767899,39.72925949,60
huairou_aq#18,17.39394379,37.4534111,56
huairou_aq#19,16.61624146,35.28517532,54
huairou_aq#20,15.81292725,33.41298294,53
huairou_aq#21,15.11262131,31.96704102,53
huairou_aq#22,14.61730194,31.00099182,55
huairou_aq#23,14.3929863,30.48625946,58
huairou_aq#24,14.46704483,30.32284927,63
huairou_aq#25,14.82988739,30.36676788,69
huairou_aq#26,15.4389801,30.47357178,76
huairou_aq#27,16.22543335,30.55301285,83
huairou_aq#28,17.1064682,30.62310791,92
huairou_aq#29,18.00731659,30.83906174,99
huairou_aq#30,18.88926315,31.46451569,106
huairou_aq#31,19.76922417,32.76919174,112
huairou_aq#32,20.71350479,34.88749313,114
huairou_aq#33,21.80280304,37.72117615,115
huairou_aq#34,23.08560944,40.94976044,112
huairou_aq#35,24.54322815,44.13341904,107
huairou_aq#36,26.07871628,46.83667374,101
huairou_aq#37,27.52974319,48.71580505,93
huairou_aq#38,28.69977951,49.55721283,85
huairou_aq#39,29.40193748,49.28294754,77
huairou_aq#40,29.50601196,47.94378662,70
huairou_aq#41,28.97575569,45.70867157,64
huairou_aq#42,27.88245201,42.84751511,58
huairou_aq#43,26.38926315,39.69855881,55
huairou_aq#44,24.71339226,36.61820984,52
huairou_aq#45,23.08094597,33.92341995,51
huairou_aq#46,21.68850708,31.84167099,52
huairou_aq#47,20.67949486,30.4812851,54
miyun_aq#0,27.9060955,68.49769592,54
miyun_aq#1,23.99481583,58.00848007,70
miyun_aq#2,19.54318619,50.12927246,86
miyun_aq#3,15.26000214,43.81368637,100
miyun_aq#4,11.77588272,39.07882309,113
miyun_aq#5,9.543697357,36.31465149,122
miyun_aq#6,8.714260101,35.70915604,127
miyun_aq#7,9.161212921,37.03323364,128
miyun_aq#8,10.59800339,39.75279999,125
miyun_aq#9,12.69190216,43.25128555,118
miyun_aq#10,15.13249207,46.9886322,110
miyun_aq#11,17.65789795,50.55278015,100
miyun_aq#12,20.05756378,53.64456558,88
miyun_aq#13,22.16706467,56.04743195,77
miyun_aq#14,23.86258316,57.61024094,66
miyun_aq#15,25.0610714,58.24586868,56
miyun_aq#16,25.72783279,57.93717575,47
miyun_aq#17,25.88673973,56.73872375,40
miyun_aq#18,25.62216568,54.76732635,35
miyun_aq#19,25.06539154,52.18101501,32
miyun_aq#20,24.36743736,49.15226746,31
miyun_aq#21,23.66770363,45.84443665,33
miyun_aq#22,23.06898117,42.39874268,37
miyun_aq#23,22.62508392,38.93580246,44
miyun_aq#24,22.34179306,35.57144928,52
miyun_aq#25,22.1882267,32.44190598,62
miyun_aq#26,22.11365128,29.7290802,73
miyun_aq#27,22.06533623,27.67166519,84
miyun_aq#28,22.00631142,26.54504013,95
miyun_aq#29,21.93478203,26.60242844,105
miyun_aq#30,21.90320969,27.99253845,112
miyun_aq#31,22.02394485,30.69406891,117
miyun_aq#32,22.44425964,34.50530624,117
miyun_aq#33,23.29291153,39.094841,115
miyun_aq#34,24.62383461,44.08039093,109
miyun_aq#35,26.38490868,49.09173584,100
miyun_aq#36,28.42011261,53.79574203,90
miyun_aq#37,30.49695969,57.89296722,79
miyun_aq#38,32.34721375,61.1126709,67
miyun_aq#39,33.71379471,63.22740936,56
miyun_aq#40,34.40068817,64.08869934,45
miyun_aq#41,34.31858444,63.66691589,36
miyun_aq#42,33.51080704,62.07035828,29
miyun_aq#43,32.14443207,59.52635193,24
miyun_aq#44,30.46666908,56.32904434,22
miyun_aq#45,28.74339867,52.77585602,21
miyun_aq#46,27.20257759,49.11751175,24
miyun_aq#47,25.99869156,45.53607559,29
yanqin_aq#0,56.57865524,111.2945557,43
yanqin_aq#1,56.58456802,111.3444977,54
yanqin_aq#2,54.95901871,106.1221466,67
yanqin_aq#3,51.95367432,98.08399963,82
yanqin_aq#4,48.20564651,89.48842621,95
yanqin_aq#5,44.38396072,82.0047226,106
yanqin_aq#6,40.9624176,76.45188904,114
yanqin_aq#7,38.16570282,72.88069916,117
yanqin_aq#8,36.02709198,70.89582062,116
yanqin_aq#9,34.47655487,69.97113037,112
yanqin_aq#10,33.40977097,69.62826538,104
yanqin_aq#11,32.72397614,69.49478149,94
yanqin_aq#12,32.3283577,69.30827332,84
yanqin_aq#13,32.14160919,68.91148376,73
yanqin_aq#14,32.08721924,68.2497406,62
yanqin_aq#15,32.09391785,67.36149597,52
yanqin_aq#16,32.10297012,66.35324097,44
yanqin_aq#17,32.07793045,65.36173248,37
yanqin_aq#18,32.00817871,64.51547241,32
yanqin_aq#19,31.90091896,63.90475464,28
yanqin_aq#20,31.76378822,63.56232071,27
yanqin_aq#21,31.58601952,63.45444489,28
yanqin_aq#22,31.32660866,63.4826355,31
yanqin_aq#23,30.91509628,63.49853516,36
yanqin_aq#24,30.26587868,63.33319855,42
yanqin_aq#25,29.30386543,62.8399353,51
yanqin_aq#26,27.99649239,61.94680023,61
yanqin_aq#27,26.38449287,60.70696259,72
yanqin_aq#28,24.59959412,59.32592773,84
yanqin_aq#29,22.85585594,58.1383667,95
yanqin_aq#30,21.40844727,57.52106476,104
yanqin_aq#31,20.49007988,57.76631927,111
yanqin_aq#32,20.25038528,58.97634888,114
yanqin_aq#33,20.72424507,61.03365707,114
yanqin_aq#34,21.8380909,63.65110779,110
yanqin_aq#35,23.44265175,66.46001434,103
yanqin_aq#36,25.35199928,69.09191895,94
yanqin_aq#37,27.37557793,71.23754883,83
yanqin_aq#38,29.33985901,72.68760681,72
yanqin_aq#39,31.10308075,73.35902405,60
yanqin_aq#40,32.56762695,73.30161285,50
yanqin_aq#41,33.69158173,72.67891693,41
yanqin_aq#42,34.49356461,71.72624969,33
yanqin_aq#43,35.04264069,70.69739532,27
yanqin_aq#44,35.43140411,69.81251526,24
yanqin_aq#45,35.74114227,69.21728516,22
yanqin_aq#46,36.01226425,68.96007538,23
yanqin_aq#47,36.23018646,68.99025726,26
dingling_aq#0,19.48184967,70.34242249,42
dingling_aq#1,21.78378296,77.4992218,59
dingling_aq#2,23.99953079,77.21583557,76
dingling_aq#3,24.80213356,73.30499268,91
dingling_aq#4,24.01764488,68.10713196,104
dingling_aq#5,22.05566978,62.93873215,114
dingling_aq#6,19.51189995,58.42958069,120
dingling_aq#7,16.91206551,54.74596024,121
dingling_aq#8,14.60440826,51.78168106,119
dingling_aq#9,12.75921631,49.32515717,114
dingling_aq#10,11.41264725,47.17274857,108
dingling_aq#11,10.51655579,45.18119431,100
dingling_aq#12,9.979740143,43.27893066,92
dingling_aq#13,9.697616577,41.45604706,83
dingling_aq#14,9.571334839,39.74526215,76
dingling_aq#15,9.520492554,38.20337296,69
dingling_aq#16,9.493618011,36.89923096,63
dingling_aq#17,9.476150513,35.90797424,59
dingling_aq#18,9.492019653,35.30526352,55
dingling_aq#19,9.59544754,35.15600967,54
dingling_aq#20,9.852840424,35.49679184,53
dingling_aq#21,10.31948471,36.3161087,54
dingling_aq#22,11.01808167,37.54016876,56
dingling_aq#23,11.92499542,39.03001785,59
dingling_aq#24,12.96742249,40.59318542,64
dingling_aq#25,14.03225327,42.0089035,69
dingling_aq#26,14.98580551,43.06588745,76
dingling_aq#27,15.70281601,43.61050034,83
dingling_aq#28,16.09997559,43.59791946,91
dingling_aq#29,16.1640892,43.12685394,98
dingling_aq#30,15.96156311,42.42868042,104
dingling_aq#31,15.62053299,41.79195404,109
dingling_aq#32,15.29069519,41.4479866,111
dingling_aq#33,15.09822845,41.48028183,111
dingling_aq#34,15.11421585,41.80974197,108
dingling_aq#35,15.3446312,42.25019836,104
dingling_aq#36,15.73947144,42.58955002,98
dingling_aq#37,16.21363449,42.65533447,91
dingling_aq#38,16.67069626,42.34937668,83
dingling_aq#39,17.02401352,41.65779877,76
dingling_aq#40,17.21462059,40.64844131,70
dingling_aq#41,17.22665215,39.46329498,64
dingling_aq#42,17.09721184,38.30257034,60
dingling_aq#43,16.91456413,37.39489746,57
dingling_aq#44,16.80125427,36.95508957,55
dingling_aq#45,16.88543701,37.13945389,54
dingling_aq#46,17.26928329,38.01156616,55
dingling_aq#47,18.00382423,39.52812958,57
badaling_aq#0,43.94115448,98.1882782,28
badaling_aq#1,42.15292358,91.2779541,38
badaling_aq#2,38.77104568,85.88026428,53
badaling_aq#3,34.36504745,81.33460999,68
badaling_aq#4,29.70600128,77.45211792,82
badaling_aq#5,25.49541855,74.30513,93
badaling_aq#6,22.14429665,72.00647736,101
badaling_aq#7,19.74881172,70.5657959,104
badaling_aq#8,18.20750427,69.86414337,102
badaling_aq#9,17.35285187,69.70669556,97
badaling_aq#10,17.02666283,69.88613892,88
badaling_aq#11,17.09986877,70.21990967,78
badaling_aq#12,17.46501923,70.56098175,67
badaling_aq#13,18.02451706,70.79650879,55
badaling_aq#14,18.68616104,70.84657288,44
badaling_aq#15,19.36861992,70.66805267,35
badaling_aq#16,20.01346207,70.25963593,27
badaling_aq#17,20.59565353,69.66041565,20
badaling_aq#18,21.12257385,68.93778992,16
badaling_aq#19,21.61850357,68.16552734,15
badaling_aq#20,22.09994507,67.39649963,15
badaling_aq#21,22.55284119,66.63906097,18
badaling_aq#22,22.92078018,65.84658051,23
badaling_aq#23,23.10870934,64.92739868,30
badaling_aq#24,23.00169754,63.77503204,39
badaling_aq#25,22.49547005,62.31317902,49
badaling_aq#26,21.53398705,60.54521942,60
badaling_aq#27,20.14563179,58.59480286,72
badaling_aq#28,18.46487236,56.7202301,84
badaling_aq#29,16.72328377,55.28340912,94
badaling_aq#30,15.20166397,54.66560364,103
badaling_aq#31,14.15607071,55.14994049,108
badaling_aq#32,13.75108719,56.8225708,110
badaling_aq#33,14.03043365,59.54130173,107
badaling_aq#34,14.92969894,62.98097992,102
badaling_aq#35,16.31188965,66.72383118,93
badaling_aq#36,18.00412178,70.35128784,82
badaling_aq#37,19.82528305,73.51130676,70
badaling_aq#38,21.60637474,75.95666504,58
badaling_aq#39,23.208992,77.56124878,46
badaling_aq#40,24.54426384,78.32156372,35
badaling_aq#41,25.58851051,78.34382629,26
badaling_aq#42,26.38599586,77.8147583,19
badaling_aq#43,27.03072739,76.95780182,14
badaling_aq#44,27.62961388,75.98230743,12
badaling_aq#45,28.26067734,75.03613281,12
badaling_aq#46,28.94207573,74.17463684,15
badaling_aq#47,29.62145615,73.35578918,20
miyunshuiku_aq#0,23.5479126,38.93918991,65
miyunshuiku_aq#1,21.16481209,39.57886887,75
miyunshuiku_aq#2,19.41330719,38.88433838,86
miyunshuiku_aq#3,17.61702538,38.17409897,97
miyunshuiku_aq#4,15.88333893,38.31536484,108
miyunshuiku_aq#5,14.45907784,39.58180618,117
miyunshuiku_aq#6,13.45481873,41.79865265,125
miyunshuiku_aq#7,12.85595512,44.57565689,129
miyunshuiku_aq#8,12.61130905,47.49224854,130
miyunshuiku_aq#9,12.67907333,50.19490814,128
miyunshuiku_aq#10,13.02240753,52.42626953,124
miyunshuiku_aq#11,13.58765411,54.01844406,119
miyunshuiku_aq#12,14.29078865,54.87552643,112
miyunshuiku_aq#13,15.02068138,54.95835876,104
miyunshuiku_aq#14,15.65623856,54.27474976,96
miyunshuiku_aq#15,16.09007072,52.8742981,88
miyunshuiku_aq#16,16.25019073,50.84511566,81
miyunshuiku_aq#17,16.11328888,48.30973816,74
miyunshuiku_aq#18,15.70545769,45.41797638,68
miyunshuiku_aq#19,15.09165764,42.33570862,64
miyunshuiku_aq#20,14.35843277,39.22982025,61
miyunshuiku_aq#21,13.5961113,36.25148773,60
miyunshuiku_aq#22,12.88517761,33.52190781,60
miyunshuiku_aq#23,12.28913879,31.12466049,62
miyunshuiku_aq#24,11.85324097,29.10636902,66
miyunshuiku_aq#25,11.60652161,27.48535538,72
miyunshuiku_aq#26,11.56380463,26.26713562,79
miyunshuiku_aq#27,11.72400284,25.46506119,87
miyunshuiku_aq#28,12.06664276,25.12127686,95
miyunshuiku_aq#29,12.55290985,25.3175087,103
miyunshuiku_aq#30,13.13858986,26.16231155,111
miyunshuiku_aq#31,13.79527283,27.75001526,117
miyunshuiku_aq#32,14.52582359,30.10491562,120
miyunshuiku_aq#33,15.36164284,33.13564682,122
miyunshuiku_aq#34,16.34112549,36.62305069,121
miyunshuiku_aq#35,17.47966194,40.24652481,118
miyunshuiku_aq#36,18.74443817,43.63630676,113
miyunshuiku_aq#37,20.04373169,46.43222046,106
miyunshuiku_aq#38,21.23638344,48.33509064,99
miyunshuiku_aq#39,22.16035652,49.14571381,91
miyunshuiku_aq#40,22.67397499,48.79053497,82
miyunshuiku_aq#41,22.69676781,47.33079529,75
miyunshuiku_aq#42,22.23382378,44.95040894,68
miyunshuiku_aq#43,21.37341499,41.92259979,62
miyunshuiku_aq#44,20.26003075,38.56251144,57
miyunshuiku_aq#45,19.05654716,35.17781067,55
miyunshuiku_aq#46,17.91057396,32.02863312,54
miyunshuiku_aq#47,16.93420601,29.30435944,55
donggaocun_aq#0,13.64040756,39.71001816,55
donggaocun_aq#1,21.26524353,39.1473999,65
donggaocun_aq#2,23.34440613,36.50031281,76
donggaocun_aq#3,22.12574768,32.85591125,87
donggaocun_aq#4,19.70351791,29.91034698,98
donggaocun_aq#5,17.40468979,28.79716873,107
donggaocun_aq#6,15.8184433,29.75634766,113
donggaocun_aq#7,15.06293869,32.34243774,115
donggaocun_aq#8,15.04389954,35.82554245,115
donggaocun_aq#9,15.60396194,39.51015854,113
donggaocun_aq#10,16.57927322,42.87992477,109
donggaocun_aq#11,17.81242371,45.61102676,103
donggaocun_aq#12,19.1532135,47.5293808,97
donggaocun_aq#13,20.45947266,48.56385803,91
donggaocun_aq#14,21.60186768,48.71723938,84
donggaocun_aq#15,22.47396851,48.05353546,78
donggaocun_aq#16,23.00704575,46.69034195,73
donggaocun_aq#17,23.18399811,44.78721619,68
donggaocun_aq#18,23.04338074,42.52803802,64
donggaocun_aq#19,22.66836166,40.09916687,61
donggaocun_aq#20,22.16251755,37.6654129,59
donggaocun_aq#21,21.62194824,35.34871292,58
donggaocun_aq#22,21.11392593,33.21640778,59
donggaocun_aq#23,20.66845703,31.28492355,62
donggaocun_aq#24,20.28361511,29.54056168,66
donggaocun_aq#25,19.94143677,27.97346115,71
donggaocun_aq#26,19.6288147,26.61625671,77
donggaocun_aq#27,19.35635376,25.57385635,83
donggaocun_aq#28,19.16714859,25.02748871,90
donggaocun_aq#29,19.12963867,25.19849777,97
donggaocun_aq#30,19.31643295,26.27164459,103
donggaocun_aq#31,19.78109741,28.3064003,107
donggaocun_aq#32,20.54634857,31.18580627,109
donggaocun_aq#33,21.60502243,34.63520432,109
donggaocun_aq#34,22.92353439,38.29398346,107
donggaocun_aq#35,24.43927383,41.79481506,103
donggaocun_aq#36,26.0559845,44.81508636,98
donggaocun_aq#37,27.64508629,47.0968399,93
donggaocun_aq#38,29.05854607,48.45219421,86
donggaocun_aq#39,30.15250397,48.771492,80
donggaocun_aq#40,30.81780434,48.0386734,74
donggaocun_aq#41,31.00978851,46.34429932,68
donggaocun_aq#42,30.76585197,43.88238525,63
donggaocun_aq#43,30.20049858,40.92460251,59
donggaocun_aq#44,29.47592545,37.77445984,56
donggaocun_aq#45,28.75862503,34.71294403,55
donggaocun_aq#46,28.17904663,31.95210266,55
donggaocun_aq#47,27.80785561,29.6111145,57
yongledian_aq#0,44.42943573,87.57150269,26
yongledian_aq#1,44.66608047,80.75656891,51
yongledian_aq#2,37.486866,72.67274475,77
yongledian_aq#3,27.63690948,65.38095093,100
yongledian_aq#4,18.4129982,60.11684799,119
yongledian_aq#5,11.79901886,57.46888733,133
yongledian_aq#6,8.454246521,57.35512924,141
yongledian_aq#7,8.018257141,59.18890762,142
yongledian_aq#8,9.642318726,62.20169449,138
yongledian_aq#9,12.44742966,65.72540283,129
yongledian_aq#10,15.75992966,69.32048035,118
yongledian_aq#11,19.15665817,72.76589203,104
yongledian_aq#12,22.41358948,75.98265076,90
yongledian_aq#13,25.43070602,78.94910431,76
yongledian_aq#14,28.16836548,81.6364975,63
yongledian_aq#15,30.60625458,83.97389984,51
yongledian_aq#16,32.72409439,85.84307098,40
yongledian_aq#17,34.49518585,87.09654999,31
yongledian_aq#18,35.88303375,87.58570099,24
yongledian_aq#19,36.83629608,87.18595886,19
yongledian_aq#20,37.28578949,85.81285095,17
yongledian_aq#21,37.14773941,83.42933655,18
yongledian_aq#22,36.33665848,80.0486145,22
yongledian_aq#23,34.78675461,75.73886871,28
yongledian_aq#24,32.48085022,70.63563538,37
yongledian_aq#25,29.48427582,64.96499634,49
yongledian_aq#26,25.97756958,59.07218933,62
yongledian_aq#27,22.27356339,53.4375267,76
yongledian_aq#28,18.7989769,48.64937973,91
yongledian_aq#29,16.0257988,45.31011963,104
yongledian_aq#30,14.36113358,43.88481522,115
yongledian_aq#31,14.03528595,44.55325699,122
yongledian_aq#32,15.04343414,47.14749146,125
yongledian_aq#33,17.17285538,51.21763229,122
yongledian_aq#34,20.09551239,56.18596268,116
yongledian_aq#35,23.4707756,61.50405502,106
yongledian_aq#36,27.01224136,66.74616241,95
yongledian_aq#37,30.50863647,71.62669373,81
yongledian_aq#38,33.8144722,75.96772003,67
yongledian_aq#39,36.83146667,79.64943695,54
yongledian_aq#40,39.49425507,82.57032776,41
yongledian_aq#41,41.7630806,84.62985992,29
yongledian_aq#42,43.61687469,85.734375,20
yongledian_aq#43,45.04031372,85.81536865,12
yongledian_aq#44,46.00753021,84.84608459,8
yongledian_aq#45,46.47121429,82.84859467,6
yongledian_aq#46,46.36354828,79.89051056,7
yongledian_aq#47,45.60890198,76.0766449,11
yufa_aq#0,43.11022949,78.87440491,16
yufa_aq#1,45.50884628,85.78609467,39
yufa_aq#2,41.72325897,84.25100708,61
yufa_aq#3,34.42033768,79.00681305,82
yufa_aq#4,26.44829559,73.13243866,99
yufa_aq#5,19.93828964,68.44654083,111
yufa_aq#6,15.88158417,65.75509644,118
yufa_aq#7,14.27867508,65.07174683,121
yufa_aq#8,14.59625626,65.93482208,118
yufa_aq#9,16.18012238,67.73216248,113
yufa_aq#10,18.4746933,69.91942596,105
yufa_aq#11,21.08417892,72.10946655,95
yufa_aq#12,23.7557869,74.07279205,84
yufa_aq#13,26.33849716,75.69782257,74
yufa_aq#14,28.74046326,76.94425964,63
yufa_aq#15,30.89699936,77.80548096,53
yufa_aq#16,32.75388336,78.28359985,43
yufa_aq#17,34.26512527,78.37557983,35
yufa_aq#18,35.39649582,78.07035065,29
yufa_aq#19,36.12720108,77.35496521,24
yufa_aq#20,36.44618225,76.2243576,22
yufa_aq#21,36.34426117,74.68746948,22
yufa_aq#22,35.80653763,72.76719666,25
yufa_aq#23,34.81018829,70.49681091,30
yufa_aq#24,33.33375168,67.9202652,38
yufa_aq#25,31.38113785,65.1025238,47
yufa_aq#26,29.01811218,62.15354538,59
yufa_aq#27,26.40836334,59.26114655,72
yufa_aq#28,23.82585526,56.71521759,85
yufa_aq#29,21.62016678,54.89190292,97
yufa_aq#30,20.13431168,54.17320633,107
yufa_aq#31,19.60816574,54.81732941,114
yufa_aq#32,20.11793137,56.84693527,117
yufa_aq#33,21.57984543,60.0268898,116
yufa_aq#34,23.80457306,63.94284821,112
yufa_aq#35,26.56269073,68.12750244,104
yufa_aq#36,29.63157654,72.16819,95
yufa_aq#37,32.8168869,75.76264191,84
yufa_aq#38,35.9565773,78.72724152,73
yufa_aq#39,38.91656494,80.97692108,61
yufa_aq#40,41.58608246,82.49468231,49
yufa_aq#41,43.87828064,83.30207062,39
yufa_aq#42,45.7345047,83.43710327,30
yufa_aq#43,47.12785721,82.94606781,22
yufa_aq#44,48.0605011,81.88736725,17
yufa_aq#45,48.55412292,80.33834839,15
yufa_aq#46,48.63515472,78.39517975,15
yufa_aq#47,48.31906128,76.16374207,18
liulihe_aq#0,43.09885406,129.4776917,36
liulihe_aq#1,47.3490448,115.2328644,56
liulihe_aq#2,45.16609955,101.423584,78
liulihe_aq#3,39.98344803,89.35110474,99
liulihe_aq#4,34.10428238,79.94870758,117
liulihe_aq#5,28.91626358,74.01025391,130
liulihe_aq#6,25.10058212,71.8996582,138
liulihe_aq#7,22.81209183,73.33363342,140
liulihe_aq#8,21.87797546,77.48748779,137
liulihe_aq#9,21.981987,83.30077362,129
liulihe_aq#10,22.79151535,89.76509857,118
liulihe_aq#11,24.02095032,96.0826416,105
liulihe_aq#12,25.45155716,101.7057419,92
liulihe_aq#13,26.92866135,106.3085861,78
liulihe_aq#14,28.35084534,109.734726,65
liulihe_aq#15,29.65605927,111.9447937,53
liulihe_aq#16,30.807621,112.9741287,42
liulihe_aq#17,31.78101349,112.8994675,33
liulihe_aq#18,32.55450821,111.8135071,26
liulihe_aq#19,33.10471344,109.8087616,21
liulihe_aq#20,33.40697479,106.9713287,18
liulihe_aq#21,33.43706131,103.3821182,18
liulihe_aq#22,33.1727562,99.12167358,20
liulihe_aq#23,32.59547043,94.2780838,24
liulihe_aq#24,31.69582367,88.9609375,31
liulihe_aq#25,30.48767471,83.32640839,40
liulihe_aq#26,29.03269958,77.61528778,51
liulihe_aq#27,27.4693985,72.19815063,63
liulihe_aq#28,26.02765274,67.60647583,75
liulihe_aq#29,25.00388336,64.51159668,87
liulihe_aq#30,24.68937683,63.61343002,98
liulihe_aq#31,25.28129578,65.4427948,106
liulihe_aq#32,26.82577515,70.15538025,110
liulihe_aq#33,29.21956635,77.43353271,109
liulihe_aq#34,32.25519562,86.55404663,105
liulihe_aq#35,35.67712784,96.57373047,97
liulihe_aq#36,39.22856903,106.5315857,87
liulihe_aq#37,42.68243408,115.5954514,75
liulihe_aq#38,45.85899734,123.1365967,62
liulihe_aq#39,48.63228607,128.7500916,50
liulihe_aq#40,50.92676163,132.2438049,38
liulihe_aq#41,52.70752716,133.6091309,27
liulihe_aq#42,53.96845245,132.9795074,19
liulihe_aq#43,54.72259903,130.5841675,12
liulihe_aq#44,54.99748993,126.7074432,7
liulihe_aq#45,54.83342743,121.6576309,4
liulihe_aq#46,54.28089905,115.7442093,4
liulihe_aq#47,53.39447021,109.2603149,7
qianmen_aq#0,28.013134,89.75561523,34
qianmen_aq#1,33.18761444,85.55883026,48
qianmen_aq#2,32.83966064,79.80470276,64
qianmen_aq#3,29.00563812,72.31196594,81
qianmen_aq#4,24.25886536,64.61212158,96
qianmen_aq#5,20.466259,58.38419724,108
qianmen_aq#6,18.46199799,54.64279175,115
qianmen_aq#7,18.24902344,53.54432678,118
qianmen_aq#8,19.378479,54.62316895,117
qianmen_aq#9,21.27132797,57.14499283,112
qianmen_aq#10,23.40807343,60.36920547,105
qianmen_aq#11,25.40511703,63.67988586,96
qianmen_aq#12,27.02215195,66.62541199,86
qianmen_aq#13,28.13950729,68.91326141,76
qianmen_aq#14,28.7282753,70.38936615,66
qianmen_aq#15,28.82276154,71.01461792,56
qianmen_aq#16,28.49716949,70.84056091,47
qianmen_aq#17,27.84589005,69.98337555,40
qianmen_aq#18,26.96686172,68.59389496,33
qianmen_aq#19,25.94781494,66.82455444,29
qianmen_aq#20,24.8563652,64.79766083,26
qianmen_aq#21,23.73516846,62.58387756,25
qianmen_aq#22,22.60375595,60.19881058,26
qianmen_aq#23,21.46786118,57.61959839,29
qianmen_aq#24,20.33600616,54.81813431,34
qianmen_aq#25,19.24057388,51.80465698,41
qianmen_aq#26,18.25712967,48.67474747,50
qianmen_aq#27,17.51270676,45.64857864,60
qianmen_aq#28,17.17400742,43.08278275,71
qianmen_aq#29,17.41257477,41.43005371,81
qianmen_aq#30,18.35601044,41.13484955,90
qianmen_aq#31,20.04362869,42.49452591,97
qianmen_aq#32,22.40438461,45.55155563,101
qianmen_aq#33,25.2648735,50.07261276,101
qianmen_aq#34,28.38181686,55.61338806,98
qianmen_aq#35,31.48559189,61.6218071,93
qianmen_aq#36,34.32096863,67.532341,85
qianmen_aq#37,36.67643738,72.83345795,76
qianmen_aq#38,38.40184402,77.11282349,66
qianmen_aq#39,39.41708374,80.09047699,56
qianmen_aq#40,39.71527481,81.64212799,46
qianmen_aq#41,39.36000824,81.80580902,38
qianmen_aq#42,38.47414398,80.76415253,30
qianmen_aq#43,37.21897125,78.79909515,24
qianmen_aq#44,35.7668457,76.22780609,20
qianmen_aq#45,34.27357483,73.33773041,17
qianmen_aq#46,32.8573494,70.34117126,17
qianmen_aq#47,31.58911133,67.36011505,18
yongdingmennei_aq#0,42.17852783,75.2326355,15
yongdingmennei_aq#1,46.22650146,78.3243866,24
yongdingmennei_aq#2,43.95284653,77.23337555,37
yongdingmennei_aq#3,38.00899506,73.23664856,50
yongdingmennei_aq#4,31.1900444,68.29579163,63
yongdingmennei_aq#5,25.50610352,64.09811401,73
yongdingmennei_aq#6,21.88619995,61.63101196,80
yongdingmennei_aq#7,20.37773895,61.1359787,83
yongdingmennei_aq#8,20.55667114,62.31585693,82
yongdingmennei_aq#9,21.87705231,64.61412048,79
yongdingmennei_aq#10,23.8598671,67.43804169,73
yongdingmennei_aq#11,26.15051651,70.28552246,65
yongdingmennei_aq#12,28.50724792,72.7898407,57
yongdingmennei_aq#13,30.76798248,74.71084595,49
yongdingmennei_aq#14,32.82023621,75.90157318,40
yongdingmennei_aq#15,34.58321762,76.27462769,32
yongdingmennei_aq#16,36.00001526,75.78453064,25
yongdingmennei_aq#17,37.03385925,74.42826843,18
yongdingmennei_aq#18,37.66313553,72.25151825,13
yongdingmennei_aq#19,37.87620163,69.3469696,10
yongdingmennei_aq#20,37.66739655,65.84143066,8
yongdingmennei_aq#21,37.03602982,61.87879944,8
yongdingmennei_aq#22,35.9879303,57.60851288,10
yongdingmennei_aq#23,34.5406189,53.18598557,13
yongdingmennei_aq#24,32.73373413,48.78533173,19
yongdingmennei_aq#25,30.64556503,44.6206665,26
yongdingmennei_aq#26,28.41294861,40.96696854,34
yongdingmennei_aq#27,26.24468231,38.16613007,43
yongdingmennei_aq#28,24.41276169,36.59910202,53
yongdingmennei_aq#29,23.20981979,36.61198807,63
yongdingmennei_aq#30,22.88003159,38.4092598,71
yongdingmennei_aq#31,23.55383682,41.96138,77
yongdingmennei_aq#32,25.21993637,46.98202133,81
yongdingmennei_aq#33,27.74250412,52.98968887,81
yongdingmennei_aq#34,30.90445709,59.41663742,78
yongdingmennei_aq#35,34.45148468,65.71170044,73
yongdingmennei_aq#36,38.12359238,71.4071579,66
yongdingmennei_aq#37,41.67472076,76.14847565,57
yongdingmennei_aq#38,44.88581848,79.69807434,49
yongdingmennei_aq#39,47.57719803,81.92610168,40
yongdingmennei_aq#40,49.62127304,82.79821777,31
yongdingmennei_aq#41,50.95206833,82.36639404,23
yongdingmennei_aq#42,51.56617737,80.76042938,17
yongdingmennei_aq#43,51.51365662,78.17302704,12
yongdingmennei_aq#44,50.88215637,74.83462524,9
yongdingmennei_aq#45,49.77871704,70.98323822,7
yongdingmennei_aq#46,48.31204605,66.8396225,7
yongdingmennei_aq#47,46.57826233,62.59571075,9
xizhimenbei_aq#0,49.60276413,82.73942566,29
xizhimenbei_aq#1,50.14533234,83.79190063,39
xizhimenbei_aq#2,47.79814148,78.3493576,55
xizhimenbei_aq#3,43.42053986,70.18898773,72
xizhimenbei_aq#4,38.32383728,62.13143921,88
xizhimenbei_aq#5,33.68762207,56.06549835,100
xizhimenbei_aq#6,30.20833206,52.87482071,108
xizhimenbei_aq#7,28.05780029,52.53518677,111
xizhimenbei_aq#8,27.06173706,54.42352295,110
xizhimenbei_aq#9,26.91452408,57.68592072,105
xizhimenbei_aq#10,27.31734848,61.51228714,98
xizhimenbei_aq#11,28.02873611,65.27172852,89
xizhimenbei_aq#12,28.86597824,68.53974915,80
xizhimenbei_aq#13,29.69202042,71.06787872,70
xizhimenbei_aq#14,30.40523911,72.7326355,60
xizhimenbei_aq#15,30.93858719,73.48974609,51
xizhimenbei_aq#16,31.26461792,73.34686279,42
xizhimenbei_aq#17,31.39921188,72.35612488,34
xizhimenbei_aq#18,31.39483643,70.61454773,28
xizhimenbei_aq#19,31.32164383,68.25976563,24
xizhimenbei_aq#20,31.24251175,65.45415497,21
xizhimenbei_aq#21,31.19083023,62.36026764,20
xizhimenbei_aq#22,31.15811157,59.11672592,21
xizhimenbei_aq#23,31.09461975,55.82374191,24
xizhimenbei_aq#24,30.92359161,52.54469299,29
xizhimenbei_aq#25,30.56739426,49.32597733,36
xizhimenbei_aq#26,29.98173523,46.23394775,45
xizhimenbei_aq#27,29.190979,43.40215683,55
xizhimenbei_aq#28,28.31203842,41.0724678,65
xizhimenbei_aq#29,27.5506897,39.59894562,75
xizhimenbei_aq#30,27.15759659,39.38253021,83
xizhimenbei_aq#31,27.3504715,40.73624039,90
xizhimenbei_aq#32,28.23548508,43.74257278,93
xizhimenbei_aq#33,29.76912689,48.18849564,94
xizhimenbei_aq#34,31.77714157,53.61390305,91
xizhimenbei_aq#35,34.01065826,59.43367386,86
xizhimenbei_aq#36,36.20745087,65.06519318,79
xizhimenbei_aq#37,38.13859558,70.01701355,71
xizhimenbei_aq#38,39.63773346,73.93148804,61
xizhimenbei_aq#39,40.6170578,76.59406281,52
xizhimenbei_aq#40,41.07309341,77.92612457,43
xizhimenbei_aq#41,41.08203125,77.97298431,35
xizhimenbei_aq#42,40.78165817,76.88917542,28
xizhimenbei_aq#43,40.34009552,74.91506195,22
xizhimenbei_aq#44,39.91797256,72.34030914,17
xizhimenbei_aq#45,39.63463593,69.45745087,15
xizhimenbei_aq#46,39.54644394,66.51682281,14
xizhimenbei_aq#47,39.64024734,63.69490051,16
nansanhuan_aq#0,34.11404419,73.35282898,14
nansanhuan_aq#1,37.33685303,81.84568787,31
nansanhuan_aq#2,34.13295746,80.39706421,49
nansanhuan_aq#3,27.35791016,74.44957733,66
nansanhuan_aq#4,19.62592697,68.02111816,80
nansanhuan_aq#5,12.95568085,63.47170639,90
nansanhuan_aq#6,8.480312347,61.60627747,96
nansanhuan_aq#7,6.462535858,62.11700821,98
nansanhuan_aq#8,6.565811157,64.18927002,96
nansanhuan_aq#9,8.18265152,66.9855423,91
nansanhuan_aq#10,10.67800522,69.88076019,85
nansanhuan_aq#11,13.51347351,72.49966431,77
nansanhuan_aq#12,16.28501892,74.66110229,68
nansanhuan_aq#13,18.71840668,76.30371857,59
nansanhuan_aq#14,20.65387344,77.42654419,50
nansanhuan_aq#15,22.03193283,78.05233765,42
nansanhuan_aq#16,22.87991333,78.20967102,35
nansanhuan_aq#17,23.2935791,77.92639923,29
nansanhuan_aq#18,23.4090004,77.22644043,24
nansanhuan_aq#19,23.36614227,76.12549591,21
nansanhuan_aq#20,23.27308655,74.62799072,19
nansanhuan_aq#21,23.18156052,72.72926331,18
nansanhuan_aq#22,23.08097458,70.4250412,20
nansanhuan_aq#23,22.91210938,67.72845459,23
nansanhuan_aq#24,22.59771347,64.69338226,27
nansanhuan_aq#25,22.08495712,61.4421463,33
nansanhuan_aq#26,21.39067459,58.19282913,41
nansanhuan_aq#27,20.63410568,55.27253723,49
nansanhuan_aq#28,20.03581619,53.09633255,58
nansanhuan_aq#29,19.86705017,52.09519958,66
nansanhuan_aq#30,20.36127472,52.59963989,73
nansanhuan_aq#31,21.63001633,54.72114563,78
nansanhuan_aq#32,23.62779999,58.29322052,80
nansanhuan_aq#33,26.17693329,62.90999603,79
nansanhuan_aq#34,29.02596664,68.04212952,76
nansanhuan_aq#35,31.90715027,73.16693115,70
nansanhuan_aq#36,34.57342529,77.8571167,63
nansanhuan_aq#37,36.81661987,81.8133316,55
nansanhuan_aq#38,38.47900009,84.85896301,47
nansanhuan_aq#39,39.46845245,86.9208374,38
nansanhuan_aq#40,39.77772522,88.01085663,31
nansanhuan_aq#41,39.4964447,88.20946503,24
nansanhuan_aq#42,38.80133057,87.64530945,18
nansanhuan_aq#43,37.91834641,86.46792603,14
nansanhuan_aq#44,37.06672287,84.81886292,11
nansanhuan_aq#45,36.4058075,82.81188965,10
nansanhuan_aq#46,36.00250626,80.52767944,10
nansanhuan_aq#47,35.82685089,78.02185822,12
dongsihuan_aq#0,28.70861435,85.88930511,18
dongsihuan_aq#1,27.61651993,92.09971619,33
dongsihuan_aq#2,24.31493759,91.58831787,49
dongsihuan_aq#3,20.05802917,87.44710541,65
dongsihuan_aq#4,16.4994812,82.25784302,81
dongsihuan_aq#5,14.65217209,77.80381775,94
dongsihuan_aq#6,14.68883514,74.90084839,102
dongsihuan_aq#7,16.23970032,73.57189941,106
dongsihuan_aq#8,18.77695084,73.42788696,106
dongsihuan_aq#9,21.84085464,73.99713135,101
dongsihuan_aq#10,25.09898758,74.89347076,94
dongsihuan_aq#11,28.32458496,75.85652161,85
dongsihuan_aq#12,31.3583889,76.73282623,75
dongsihuan_aq#13,34.07924271,77.44457245,64
dongsihuan_aq#14,36.38875961,77.96318054,53
dongsihuan_aq#15,38.21010208,78.28768921,43
dongsihuan_aq#16,39.49676514,78.42315674,34
dongsihuan_aq#17,40.24213409,78.3601532,27
dongsihuan_aq#18,40.47869873,78.06140137,21
dongsihuan_aq#19,40.26478577,77.45833588,17
dongsihuan_aq#20,39.66517639,76.45503235,15
dongsihuan_aq#21,38.73610306,74.93561554,15
dongsihuan_aq#22,37.52108002,72.77603149,16
dongsihuan_aq#23,36.05918884,69.86512756,20
dongsihuan_aq#24,34.40380859,66.1403656,26
dongsihuan_aq#25,32.64504242,61.63926697,33
dongsihuan_aq#26,30.92587852,56.55696869,43
dongsihuan_aq#27,29.43886566,51.28752899,53
dongsihuan_aq#28,28.3948288,46.41410065,65
dongsihuan_aq#29,27.97007751,42.61768723,76
dongsihuan_aq#30,28.25740051,40.50666809,86
dongsihuan_aq#31,29.25043488,40.42894745,94
dongsihuan_aq#32,30.86920166,42.36398315,98
dongsihuan_aq#33,33.00293732,45.9547081,99
dongsihuan_aq#34,35.53713226,50.64814758,96
dongsihuan_aq#35,38.35337067,55.8577919,90
dongsihuan_aq#36,41.31481171,61.07868195,82
dongsihuan_aq#37,44.25614929,65.93719482,72
dongsihuan_aq#38,46.98828888,70.19415283,61
dongsihuan_aq#39,49.31900024,73.72442627,50
dongsihuan_aq#40,51.08622742,76.48616028,40
dongsihuan_aq#41,52.19354248,78.48710632,31
dongsihuan_aq#42,52.63034058,79.75437164,23
dongsihuan_aq#43,52.46451187,80.31539154,16
dongsihuan_aq#44,51.81083679,80.18896484,12
dongsihuan_aq#45,50.79150772,79.38061523,9
dongsihuan_aq#46,49.50539017,77.87745667,9
dongsihuan_aq#47,48.01565552,75.64627075,10
